{"train_losses": [0.01397564012096732, 0.0024002630614734888, 0.0012677356908342226, 0.0006627282584015475, 0.000408866236330427, 0.0003492199011737759, 0.0006214516929818194, 0.0005963373513431459, 0.00044689705048913655, 0.0001737734486376086, 8.391736438776813e-05, 5.169056756612803e-05, 3.197345410766582e-05, 2.8913694282568627e-05, 2.64638208956006e-05, 2.4260726370386187e-05, 2.3417477929551352e-05, 2.2860175500630607e-05, 2.2167969346744643e-05, 2.209415559438479e-05, 2.2017207723640138e-05, 2.1921311140331397e-05, 2.1909721428968874e-05, 2.1902489843541958e-05, 2.1894556113547536e-05, 2.188585424377631e-05, 2.1876380321685036e-05, 2.186601849645351e-05, 2.1854813622901804e-05, 2.184263478384367e-05, 2.1829551420486604e-05, 2.18154669576495e-05, 2.180043294945321e-05, 2.178436673341152e-05, 2.1767333387016385e-05, 2.1749370109101625e-05, 2.1730460753991242e-05, 2.1710704863806818e-05, 2.169003403696765e-05, 2.1668616925394962e-05, 2.1646453097579275e-05, 2.1623592116334265e-05, 2.1600110903675857e-05, 2.1576094641433496e-05, 2.155165412636818e-05, 2.1526764096406566e-05, 2.1501537958101835e-05, 2.147597743427434e-05, 2.1450237536569807e-05, 2.1424270330613387e-05], "train_accuracies": [0.8999779573026693, 0.9281210147734708, 0.9246382432163887, 0.9162829475207899, 0.9129604905281427, 0.9030850167919255, 0.9021154158520248, 0.881441187558684, 0.9123203638214735, 0.9250086375377463, 0.92350398519504, 0.9236315584407663, 0.9233365118878443, 0.9235512051942214, 0.9236437250983041, 0.9236107477976842, 0.9236268258694583, 0.9236348443811044, 0.9236413397878971, 0.923642709382675, 0.9236439205940414, 0.923645445760691, 0.9236452892516394, 0.9236451719167098, 0.9236453288006332, 0.9236459154752815, 0.9236462669177625, 0.9236468537798468, 0.9236469330652705, 0.923646737756969, 0.9236463850024361, 0.9236468151680328, 0.923646737944405, 0.9236468937037126, 0.9236470114135142, 0.9236468562165147, 0.9236462298054365, 0.9236461512697568, 0.923646463163244, 0.923646424363994, 0.9236463081536803, 0.923646072359205, 0.9236458764885956, 0.92364575896623, 0.9236450549566521, 0.9236443121478243, 0.9236440375540991, 0.9236431371116038, 0.9236422376062885, 0.9236426688965012], "val_accuracy": 0.9236115477023981, "base_model_name": "gelu-1l", "text_dataset_name": "single_line.csv", "run_id": "fine_tune_paren_bal_5_2023-08-02_03-50-53", "combo_index": 5, "parameters": {"batch_size": 512, "learning_rate": 0.001, "lr_scheduler_patience": 1000, "num_epochs": 50, "optimizer": "Adam", "seed": 2384}}