{"train_losses": [0.9884785735194788, 0.34283502292145723, 0.2485727813071425, 0.3616446626355063, 0.1674903062342098, 0.21713298125743116, 0.1761075221236397, 0.11127569671696837, 0.09472440920020424, 0.07901469948437978, 0.06552747428510924, 0.06910190004972541, 0.06459846844275792, 0.05395693159750048, 0.057737146228926735, 0.0630311952939011, 0.05011332588000867, 0.06446038228723239, 0.0413692356175128, 0.02910201850130498, 0.023684627517073783, 0.020319526754436816, 0.017384339110785216, 0.016188951248724787, 0.014617963398238586, 0.013787915193587073, 0.017338110735850794, 0.013619984612864611, 0.01222318794970758, 0.011718402379455994, 0.01135933322468831, 0.010876151716992634, 0.010215949411386822, 0.009976665330494303, 0.0099159856224374, 0.009858840448289828, 0.009777670233428432, 0.009712061163114162, 0.009688967816918245, 0.009677212719026508, 0.009658528032782927, 0.009645966739018899, 0.009644894739876519, 0.009643817828593295, 0.009641665826206031, 0.009640477663608935, 0.009640354051037968, 0.009640127168558303, 0.009639947794512523, 0.009639940980921424], "train_accuracies": [0.6114720580806522, 0.6653745694542831, 0.644661452504074, 0.5978770152952686, 0.6268177008104024, 0.6352380531951316, 0.6838921329135415, 0.7006856591071723, 0.7252806136443181, 0.7328384415533558, 0.7702896092672767, 0.7614845076821884, 0.732239935195671, 0.7041268449909283, 0.6694633930734118, 0.7534320437870685, 0.8129580742533102, 0.7798348316606486, 0.8436472438416391, 0.8771772969443843, 0.9068451510660304, 0.9173966672435496, 0.9400348610848, 0.9494818870751363, 0.9402520551621539, 0.9415900122444585, 0.9095455567416905, 0.9026705371508809, 0.9011536034398109, 0.8996485259922795, 0.8991597544097301, 0.8968997301545533, 0.8961743176358301, 0.896929069135174, 0.8964992934053049, 0.8960521867815053, 0.894758866643006, 0.8958761834498471, 0.8960548860471953, 0.8961370791654167, 0.8962921905067732, 0.8961146998705354, 0.8960710038553994, 0.8960770286104214, 0.8960940841608828, 0.8961024548647538, 0.8961006168674372, 0.8960994045314549, 0.8960995617902504, 0.8960997570985518], "val_accuracy": 0.8953417952244098, "base_model_name": "gelu-1l", "text_dataset_name": "single_line.csv", "run_id": "fine_tune_paren_bal_1_2023-08-01_19-53-37", "combo_index": 1, "parameters": {"batch_size": 512, "learning_rate": 0.1, "lr_scheduler_patience": 1000, "num_epochs": 50, "optimizer": "Adam", "seed": 2384}}