{"train_losses": [0.4842744866864164, 0.001734155882360434, 0.0024503979864607143, 0.0026386406512619084, 0.0006964412609733196, 0.0004194981307053972, 0.018298655990247138, 0.002703519980002154, 0.0018459662445729347, 0.0005385612111349016, 0.00046774632983501277, 0.0004195005366334885, 0.0004009719343699292, 0.0003968759869762005, 0.00039319630050387396, 0.0003912811428923511, 0.0003908737214815176, 0.00039051217965103697, 0.0003902357684008326, 0.0003901994532726869, 0.0003901736922185054, 0.00039014805151506933, 0.000390141541043109, 0.0003901398647814526, 0.00039013784330077587, 0.0003901369586999165, 0.00039013691609666784, 0.00039013683491711555, 0.00039013676815219633, 0.0003901367725909881, 0.00039013676792339265, 0.00039013676472014086, 0.000390136758542441, 0.0003901367569865758, 0.0003901367565747292, 0.00039013675273082707, 0.00039013675456125665, 0.00039013676668785266, 0.00039013676897588966, 0.00039013676023558837, 0.00039013676540655196, 0.00039013676687089564, 0.0003901367668251349, 0.0003901367671912208, 0.0003901367725909881, 0.00039013677899749164, 0.0003901367797754242, 0.0003901367801415101, 0.0003901367813770501, 0.00039013678503790926], "train_accuracies": [0.5794883158596806, 0.7019362987587286, 0.7264785209916672, 0.7320653813065223, 0.7558425248793836, 0.7601746393824523, 0.8291906897189483, 0.7520886087942423, 0.716361162516306, 0.693636084315162, 0.6878941874459105, 0.6840540508054337, 0.6850601102945939, 0.6841105796256155, 0.683788463379602, 0.6856322072961796, 0.6852650209417883, 0.684962936354883, 0.6849882447119778, 0.6849375863869985, 0.6848938500731246, 0.684870571460364, 0.6848630599630704, 0.6848558612964438, 0.6848493657022152, 0.6848483482996622, 0.6848482701388545, 0.6848481528039249, 0.6848479961074373, 0.6848479961074373, 0.6848479961074373, 0.6848479961074373, 0.6848479961074373, 0.6848479961074373, 0.6848479961074373, 0.6848479961074373, 0.6848479961074373, 0.6848479179466296, 0.6848479179466296, 0.6848479179466296, 0.6848479179466296, 0.6848479179466296, 0.6848479179466296, 0.6848479179466296, 0.6848479179466296, 0.6848479179466296, 0.6848479179466296, 0.6848479179466296, 0.6848479179466296, 0.6848479179466296], "val_accuracy": 0.6837369845463679, "base_model_name": "gelu-1l", "text_dataset_name": "single_line.csv", "run_id": "fine_tune_paren_bal_1_2023-08-01_11-17-06", "combo_index": 1, "parameters": {"batch_size": 512, "learning_rate": 0.03, "lr_scheduler_patience": 1000, "num_epochs": 50, "seed": 2384}}