{"train_losses": [0.3306884430583168, 0.09207732280798303, 0.04960906564158463, 0.032573938153028115, 0.02325702767303717, 0.017627948546582985, 0.01396866648826959, 0.011444075790134334, 0.009620395607648874, 0.008256241191565147, 0.007207144485235964, 0.006381623939693021, 0.005718975543167512, 0.005177543231332967, 0.004728141334859666, 0.0043499424596721275, 0.004027787138746009, 0.003750431910742941, 0.003509376269440114, 0.003298086679830515, 0.003111471394560177, 0.002945506751959054, 0.002796980963672845, 0.0026633045736791086, 0.0025423705818002702, 0.00243244926099601, 0.0023321057073098354, 0.002240142962381349, 0.0021555539525887173, 0.002077485716414093, 0.002005210944192203, 0.001938104502850874, 0.0018756302037355402, 0.0018173209224965235, 0.001762773364426498, 0.0017116318406308739, 0.0016635845347751318, 0.0016183574862797224, 0.0015757086457254118, 0.001535421474024056, 0.0014973029531992433, 0.0014611802756882993, 0.0014269000582642995, 0.001394321435184581, 0.0013633196660589849, 0.0013337782457831123, 0.0013055966082673356, 0.0012786772722450125, 0.0012529359658361478, 0.0012282938949958533], "train_accuracies": [0.7381898391546693, 0.7495714066163549, 0.7508890229576038, 0.7515904502298847, 0.7520996022899196, 0.7525818012420487, 0.7531413027325516, 0.753690279129916, 0.7541610904084811, 0.7546365604085742, 0.7551214964884632, 0.7556039683473935, 0.7560581184408199, 0.7565005296056375, 0.7569402055170551, 0.7573543721399967, 0.7577522271459207, 0.7581377203734416, 0.7585432808729088, 0.7589399615923563, 0.7593054628971988, 0.7596521075791532, 0.7599887802915753, 0.7603158259166861, 0.7606441627883311, 0.760957400941249, 0.7612657072784016, 0.7615505835545138, 0.7618215316496555, 0.7620979931744389, 0.7623714092392592, 0.7626324577151604, 0.7628867399392638, 0.7631420017038502, 0.7633766449472439, 0.7636023298749384, 0.7638190562994975, 0.7640364494338725, 0.7642508685213965, 0.7644703356349993, 0.7646703557023462, 0.7648783198692514, 0.7650739604946952, 0.765260878598915, 0.7654374292436635, 0.7656088141525317, 0.7657746852568861, 0.7659541306630621, 0.766124501918097, 0.7662934632796161], "val_accuracy": 0.7661009293336135, "base_model_name": "gelu-1l", "text_dataset_name": "single_line.csv", "run_id": "fine_tune_paren_bal_3_2023-08-01_15-12-10", "combo_index": 3, "parameters": {"batch_size": 512, "learning_rate": 0.0003, "lr_scheduler_patience": 1000, "num_epochs": 50, "optimizer": "SGD", "seed": 2384}}