{"train_losses": [0.1456886312086721, 0.01510150482989379, 0.01385339711127955, 0.02166789731174801, 0.0137703577320109, 0.01642506080020641, 0.00973909221217622, 0.0091501025925244, 0.008520745792361738, 0.008254854904001567, 0.007915399194718484, 0.007711720519256925, 0.007286442968329567, 0.007441446308116868, 0.006886194352464715, 0.006664349103006739, 0.006411153314643944, 0.006325735886282516, 0.006180488740960897, 0.006094771117387843, 0.006020583492065282, 0.00597701652514391, 0.005891401550597833, 0.005791745459040006, 0.005741658101426496, 0.005666070498391376, 0.005601991489661401, 0.005515586621415034, 0.005400976106457108, 0.005295010562912919, 0.005159883592614565, 0.005081687645720165, 0.005011877559752163, 0.004936574132191954, 0.004879502571332884, 0.0048183079032116105, 0.004771594214216519, 0.004715991952916338, 0.004641892675291337, 0.004576710277565011, 0.0045126482742580834, 0.004448021768113457, 0.004390252121129665, 0.0043270577559080675, 0.004272327688632463, 0.0042125285755397765, 0.004163374432432905, 0.0041241171019687755, 0.004076087602440549, 0.004029932405884559], "train_accuracies": [0.9738540081483014, 0.9951337825202342, 0.9955011250088049, 0.9934282529653993, 0.9953551470483624, 0.9953341707118653, 0.9970934068631826, 0.9972437648278363, 0.9973871016277457, 0.9974380189892631, 0.9975557636539891, 0.9976205694600471, 0.9977390218830708, 0.9976823627948761, 0.997885654182554, 0.9979778089613285, 0.9980546513443473, 0.9980836677476295, 0.9981303179414017, 0.9981515735575238, 0.998174453119062, 0.9981832050677365, 0.9982134958483139, 0.9982429262976976, 0.9982586529269908, 0.9982851811175076, 0.9983006875095127, 0.9983188886687441, 0.9983528305149678, 0.9983865631826269, 0.9984186625330703, 0.9984413447245112, 0.9984679115268419, 0.9984948382062732, 0.9985084509324728, 0.99852998114232, 0.9985400976250006, 0.9985629278908735, 0.9985860651768979, 0.9986016551653544, 0.9986266430069066, 0.9986519815411957, 0.9986726952798711, 0.9986868813727636, 0.9987038332711226, 0.998719573208371, 0.9987430272612182, 0.998756987118871, 0.998767134903362, 0.9987873301940894], "val_accuracy": 0.9979886305637848, "base_model_name": "gelu-1l", "text_dataset_name": "single_line.csv", "run_id": "fine_tune_paren_bal_0_2023-08-03_11-13-59", "combo_index": 0, "parameters": {"batch_size": 512, "learning_rate": 0.01, "lr_scheduler_patience": 1000, "num_epochs": 50, "optimizer": "Adam", "seed": 2384}}