{"train_losses": [0.05896401709002742, 0.005181485149953017, 0.004066289242061584, 0.0036866720276189173, 0.0034309364982504317, 0.0031852219005297643, 0.004736558288378266, 0.003362994889432012, 0.0035979027009449033, 0.003526064287486732, 0.003041218664316291, 0.002155471081261921, 0.0019252701278456704, 0.0017534469341443349, 0.0015778372000350835, 0.0015282701924604323, 0.0015044357255503899, 0.0014825297200886838, 0.001475200115420428, 0.0014726958545466663, 0.001467965143321246, 0.0014668256315749004, 0.0014665572357301032, 0.00146622428058796, 0.0014660267876688122, 0.00146599744904, 0.0014659636591725146, 0.0014659349335088107, 0.00146593389478578, 0.0014659328042615919, 0.0014659316726442597, 0.0014659304285927898, 0.0014659291269285488, 0.0014659277755223836, 0.0014659263347912544, 0.0014659248367676792, 0.0014659232912444561, 0.0014659217310320357, 0.0014659201349431954, 0.0014659184891581917, 0.0014659167807267353, 0.0014659150499640378, 0.0014659132880840374, 0.0014659115253803437, 0.00146590972245296, 0.0014659079355418348, 0.0014659061238741495, 0.0014659043003544328, 0.001465902471755274, 0.0014659006348734212], "train_accuracies": [0.9564799412428958, 0.9447250034449235, 0.9052754085768694, 0.8763020567174228, 0.89323054863222, 0.9230241741774217, 0.9350753325336384, 0.9157390183997605, 0.8837072755555687, 0.8661870495328363, 0.8470589342357228, 0.8818137312085373, 0.8909706795740427, 0.8884636129973069, 0.8863020136296375, 0.8853520522327543, 0.8842643109507531, 0.8836617001197623, 0.8836487490426069, 0.8837475306208029, 0.8838074614042006, 0.8837817590566551, 0.8837698675551504, 0.8837667772979856, 0.8837609868379509, 0.8837594607341215, 0.8837579747415939, 0.8837564881867582, 0.8837564492000723, 0.8837563710392646, 0.8837561755435271, 0.8837561363694053, 0.8837559802352257, 0.8837557457528025, 0.883755550069629, 0.8837554715339493, 0.8837553931857055, 0.8837552756633399, 0.8837549624578008, 0.8837546889886916, 0.8837544938678261, 0.8837542987469608, 0.8837542595728388, 0.8837541028763514, 0.8837539857288577, 0.8837538290323701, 0.8837535553758249, 0.8837535941750748, 0.8837531641969141, 0.8837529293396188], "val_accuracy": 0.8832807831275158, "base_model_name": "gelu-1l", "text_dataset_name": "single_line.csv", "run_id": "fine_tune_paren_bal_4_2023-08-02_01-51-26", "combo_index": 4, "parameters": {"batch_size": 512, "learning_rate": 0.003, "lr_scheduler_patience": 1000, "num_epochs": 50, "optimizer": "Adam", "seed": 2384}}