{"train_losses": [0.14641749536114856, 0.02133711030905914, 0.01012340302830972, 0.006342566012750444, 0.004568493947366241, 0.003568076074662261, 0.00293268758654243, 0.0024950992736640335, 0.0021757026576018253, 0.0019323231028934719, 0.0017406419325003448, 0.0015856952885306389, 0.0014577834352956346, 0.0013503308797660782, 0.0012587075048117494, 0.0011795539467129856, 0.0011103739984404536, 0.0010492855463958193, 0.000994852715808497, 0.0009459780079587919, 0.0009018183478909112, 0.000861720147681036, 0.0008251616308365292, 0.0007917065783927317, 0.000760978108146389, 0.00073265223831609, 0.000706444264203969, 0.0006821138755963462, 0.0006594520227907815, 0.000638280117384754, 0.000618439713251739, 0.0005997933690396281, 0.0005822145598953364, 0.0005655972811110822, 0.0005498442383299643, 0.0005348747892994595, 0.0005206217491540197, 0.0005070261731187362, 0.0004940431390880935, 0.00048163055834717723, 0.00046975415093097954, 0.00045838303664576924, 0.00044748789127736717, 0.0004370392944225192, 0.00042701154268557593, 0.00041737970023865537, 0.0004081230663416948, 0.0003992186184462201, 0.0003906504001941403, 0.00038239990651432526], "train_accuracies": [0.746678962460104, 0.7523483296610275, 0.7540742055799976, 0.7556667571547646, 0.7571396016099918, 0.7584736066044502, 0.759704608025041, 0.7607961461978888, 0.7617795928469244, 0.7626810836717017, 0.7634938876583891, 0.7642264171216473, 0.7649228398529988, 0.7655364811045569, 0.7661174194617841, 0.7666766062472601, 0.7671830206172271, 0.7676490217259845, 0.7681006674871504, 0.7685449951849643, 0.7689737986843541, 0.7693698516806716, 0.7697478716478408, 0.7701210017849065, 0.7704954214815823, 0.7708699221506059, 0.7712299092760626, 0.771595723786444, 0.7719407248422034, 0.7722768487420472, 0.7726090593532946, 0.7729156062288104, 0.7732101832545778, 0.7735015896131407, 0.7737920966538243, 0.7740811210758282, 0.7743632173013387, 0.7746347530083086, 0.7749096522541166, 0.7751856073268555, 0.7754528389411902, 0.7757163523877941, 0.7759749400165846, 0.7762430681372589, 0.776504784260156, 0.776775302752009, 0.7770384671927998, 0.7773096497703649, 0.7775899857844947, 0.77785572821989], "val_accuracy": 0.7776005420929346, "base_model_name": "gelu-1l", "text_dataset_name": "single_line.csv", "run_id": "fine_tune_paren_bal_2_2023-07-31_18-50-53", "combo_index": 2, "parameters": {"batch_size": 512, "learning_rate": 0.001, "lr_scheduler_patience": 1000, "num_epochs": 50, "optimizer": "SGD", "seed": 2384}}