{"train_losses": [2.127963304777378, 0.01723534907961159, 0.008472176602201056, 0.006548380373966874, 0.005864246746374341, 0.005605126023819705, 0.0054521929696363354, 0.0053423309258299545, 0.005254384922449413, 0.005177022610848137, 0.0051044468103861144, 0.005039265608296396, 0.004980423625554222, 0.004924609898384543, 0.004870963625722629, 0.004818857257230992, 0.004767039103606282, 0.00471361742190923, 0.004656329515255378, 0.004595178413005698, 0.004534642654873794, 0.004467276070499793, 0.004395099396490837, 0.004325087345132031, 0.004240388214132754, 0.004207424888842733, 0.004197790394698229, 0.004188096053926157, 0.004178277618997092, 0.004168280422483987, 0.004158079575028991, 0.004147661140656432, 0.004137022266001148, 0.004126165581390455, 0.004115097116808548, 0.004103826697818414, 0.004092362069425249, 0.004080715496056426, 0.00406889782017009, 0.0040569185420618915, 0.0040447852774171756, 0.004051391199690952, 0.004024867810940066, 0.004023666429895697, 0.004022296189891362, 0.004020829950627701, 0.004020677631246453, 0.004020581062357439, 0.0040203874525116205, 0.004020375849235416], "train_accuracies": [0.466666689458883, 0.4233940910055952, 0.44051720651815524, 0.45606885588019147, 0.4679809386062922, 0.4781115174106082, 0.4864549994843561, 0.4930584452249719, 0.4991586455759012, 0.5059292503872758, 0.5128469873899184, 0.5189114338571921, 0.5240870644836306, 0.5289377579524083, 0.5335468070686988, 0.537488968586022, 0.5407066192454512, 0.5433603533596363, 0.5455057532907283, 0.5472150815170516, 0.5486301053432548, 0.5501171114309779, 0.5521760565117471, 0.5537033169149602, 0.5532801126908956, 0.5536007067692355, 0.5538418039960681, 0.5541658384620018, 0.5544683161021778, 0.5547442318133589, 0.5550137338398388, 0.5552651203653347, 0.5555135347183395, 0.555751346567142, 0.5559788717413848, 0.5561867989834, 0.5563792706285633, 0.5565508122339189, 0.5567025210497514, 0.556840421081339, 0.5569623991753321, 0.5543624569410048, 0.5569099000414962, 0.5574209305850215, 0.5572370637512807, 0.5571416078498529, 0.5571722408885476, 0.5571649619993174, 0.5571438375883883, 0.5571412957689297], "val_accuracy": 0.5573838643538647, "base_model_name": "gelu-1l", "text_dataset_name": "single_line.csv", "run_id": "fine_tune_paren_bal_0_2023-07-31_15-00-39", "combo_index": 0, "parameters": {"batch_size": 512, "learning_rate": 0.1, "lr_scheduler_patience": 1000, "num_epochs": 50, "seed": 2384}}