{"train_losses": [0.06019887345134275, 0.004858347403878381, 0.002556549247175619, 0.0017696262304136624, 0.0013689799016449928, 0.0011242358525135005, 0.0009571120708356406, 0.0008344084736740995, 0.0007404044503254565, 0.0006660788403564051, 0.0006056179479844488, 0.0005551462428063687, 0.0005119996992261633, 0.00047443559307805644, 0.0004413784390978761, 0.00041210617326546326, 0.00038605161504199476, 0.0003627447127975939, 0.00034180695999434964, 0.0003229196731551366, 0.0003058017528991679, 0.00029020956553608095, 0.00027592906243734886, 0.00026278863862109645, 0.0002506561621708016, 0.00023942500031253017, 0.00022901126630011208, 0.00021934092084687927, 0.00021034923012402428, 0.0002019767309789789, 0.00019417071285120902, 0.00018688022114560535, 0.00018006073119439684, 0.0001736689993273595, 0.00016766957122734243, 0.00016202601956086615, 0.00015671094300863465, 0.00015169534940783625, 0.00014695513201223097, 0.00014246912464927245, 0.00013821750701553006, 0.00013418146269524077, 0.00013034649286135436, 0.00012669916353351364, 0.00012322294812905016, 0.0001199093300308948, 0.00011674510936491461, 0.0001137230903977922, 0.0001108327153661038, 0.00010806485329196919], "train_accuracies": [0.7509803687626461, 0.7570589351579078, 0.7607231085780282, 0.7634433852801533, 0.7655095274343431, 0.7671624019085986, 0.7685390506525459, 0.7697486534433545, 0.7708804466814365, 0.7719575475971654, 0.7729294948607871, 0.7738142022921605, 0.7746587337562872, 0.7754750191790503, 0.7762691633506391, 0.77706866669205, 0.7778860103784118, 0.7786994379646374, 0.7795485093158746, 0.7804109568490922, 0.7812772784967842, 0.7821425821796153, 0.7829920049733335, 0.7838571517722411, 0.78472859773246, 0.7855936288833618, 0.7864263844939897, 0.7872457594241736, 0.7880172920676897, 0.7887572168179278, 0.7894509380343575, 0.7901140687600622, 0.7907585387334883, 0.791392131608987, 0.7919956018339913, 0.792573723590599, 0.793115774977882, 0.7936232856609536, 0.794109434826569, 0.794575554769744, 0.795008695537939, 0.7954371033599542, 0.7958433292571854, 0.7962308544782722, 0.7965971381409364, 0.796951766846315, 0.7972911352631431, 0.7976273749984285, 0.7979565334020171, 0.7982787306203782], "val_accuracy": 0.7980144115594717, "base_model_name": "gelu-1l", "text_dataset_name": "single_line.csv", "run_id": "fine_tune_paren_bal_2_2023-08-01_13-14-35", "combo_index": 2, "parameters": {"batch_size": 512, "learning_rate": 0.003, "lr_scheduler_patience": 1000, "num_epochs": 50, "optimizer": "SGD", "seed": 2384}}