{"train_losses": [0.22633430250457623, 0.040723959101164865, 0.02518431539500847, 0.019693147386687825, 0.01969530359027708, 0.024616659677487874, 0.02582667641775132, 0.023530880121057324, 0.018716533952421923, 0.016909746625958563, 0.01563323498117802, 0.015237900186857244, 0.015114157671495428, 0.014995363627343715, 0.014923824416180639, 0.01490806100257444, 0.014892240908617774, 0.014874165100133363, 0.014870206223589913, 0.014868046587579092, 0.014865940534831874, 0.014865737488938484, 0.014865525184000063, 0.014865256242641489, 0.014865244328741383, 0.014865230437977321, 0.014865205384521457, 0.01486520357019965, 0.014865203312475164, 0.014865203132360892, 0.014865202807276597, 0.014865202553945142, 0.014865202266933783, 0.01486520189059746, 0.01486520159919307, 0.014865201154032594, 0.014865200801125768, 0.014865200398431259, 0.014865199981093313, 0.014865199412927969, 0.014865198963374461, 0.014865198446461145, 0.014865197882688832, 0.014865197358453798, 0.014865196875220386, 0.01486519624994564, 0.014865195585133613, 0.014865195000860488, 0.014865194385836148, 0.014865193792776961], "train_accuracies": [0.7341988129810717, 0.7825481044421406, 0.8303932122089578, 0.8640068295241902, 0.8934570957654677, 0.8194640678054882, 0.9221844153959047, 0.9175732177008623, 0.9370504812624469, 0.9491928660269803, 0.94650592162924, 0.9472044535777854, 0.9475830214203529, 0.9479403094675556, 0.9486237423225019, 0.9486183036798201, 0.9487745137709491, 0.9487525668908965, 0.9487404403446605, 0.9487448981348073, 0.9487237746610582, 0.9487297581801625, 0.9487360959532876, 0.9487380124862839, 0.9487387554825477, 0.9487394210677477, 0.948740320947935, 0.948740320947935, 0.948740320947935, 0.948740320947935, 0.9487403599346209, 0.9487403599346209, 0.9487404382828647, 0.9487404382828647, 0.9487404774569865, 0.9487404774569865, 0.9487404774569865, 0.9487405166311084, 0.9487405556177942, 0.948740672765288, 0.948740672765288, 0.948740672765288, 0.9487407511135317, 0.9487407902876536, 0.9487408294617755, 0.948740985970827, 0.9487409469841411, 0.948740986158263, 0.9487410253323849, 0.948740986158263], "val_accuracy": 0.9481543256686285, "base_model_name": "gelu-1l", "text_dataset_name": "single_line.csv", "run_id": "fine_tune_paren_bal_2_2023-08-01_21-52-52", "combo_index": 2, "parameters": {"batch_size": 512, "learning_rate": 0.03, "lr_scheduler_patience": 1000, "num_epochs": 50, "optimizer": "Adam", "seed": 2384}}