{"train_losses": [0.519437053480988, 0.29446677694905476, 0.17572774789618245, 0.118094931233604, 0.08779590560486482, 0.06974052503095858, 0.05766119732984207, 0.04886149483844169, 0.04208171378774275, 0.036677094691860604, 0.03228088316607213, 0.02865827821031119, 0.02564306054030012, 0.02311033883817353, 0.020963981147246354, 0.019129567864532553, 0.0175491753180728, 0.016177417071969628, 0.014978435669539485, 0.013923683281367024, 0.012990274580792998, 0.012159735018551443, 0.011417061917823535, 0.010749980543722521, 0.010148347976307074, 0.009603716269041758, 0.00910898074126984, 0.008658125016943744, 0.008246014877983937, 0.007868259637792295, 0.007521078724900272, 0.007201206187992913, 0.006905791445623545, 0.006632348124974601, 0.006378684600715601, 0.006142873094423012, 0.00592321154526757, 0.005718192635484789, 0.005526481332468256, 0.0053468857922608845, 0.005178350213557809, 0.005019926107283564, 0.0048707743422801856, 0.004730140724081734, 0.004597345027346282, 0.004471771927907735, 0.004352871850264733, 0.004240147660723624, 0.00413314592892761, 0.004031456998145243], "train_accuracies": [0.7257463420337101, 0.7420655715765443, 0.7469446696575333, 0.7488233098443949, 0.7496892382513802, 0.7502109865722416, 0.7505991786905805, 0.7509083869697163, 0.7511697514626965, 0.7513995828493586, 0.7515953014481742, 0.7517801058367364, 0.7519457430209754, 0.7521000738788701, 0.7522534231344858, 0.7524064618086664, 0.7525755806164172, 0.7527523269443392, 0.7529495326602984, 0.7531354714114711, 0.7533260658851959, 0.7535078598643249, 0.7536900830718706, 0.7538604125286799, 0.7540124731618654, 0.7541598409601727, 0.7543086145284041, 0.7544662311392011, 0.7546314355337395, 0.7547941372829413, 0.7549526142249318, 0.7551126168958796, 0.7552760219049154, 0.755439116707388, 0.7555986086152634, 0.7557508274444245, 0.7559021060946602, 0.7560474368386298, 0.7561951956284121, 0.7563405670459915, 0.7564947417697067, 0.7566402301473437, 0.756785328095814, 0.7569297587721603, 0.7570758338244457, 0.7572131869178148, 0.757345844552202, 0.7574782656423701, 0.7576099054993324, 0.7577455381177506], "val_accuracy": 0.757651747801365, "base_model_name": "gelu-1l", "text_dataset_name": "single_line.csv", "run_id": "fine_tune_paren_bal_3_2023-07-31_20-46-00", "combo_index": 3, "parameters": {"batch_size": 512, "learning_rate": 0.0001, "lr_scheduler_patience": 1000, "num_epochs": 50, "optimizer": "SGD", "seed": 2384}}