{"train_losses": [21.192642385620367, 0.17246843118853164, 0.05377070391374939, 0.03890012366603474, 0.03580198574038047, 0.0348030266135275, 0.03582710834255196, 0.032567693597092384, 0.02579276396969111, 0.021606371171315603, 0.018716052168710803, 0.0170500593453224, 0.015473531313832122, 0.014029237635011942, 0.012758880643519637, 0.011617805017304823, 0.010679412304435464, 0.009873890238169744, 0.009047919275157107, 0.008255114140056379, 0.007669083739311651, 0.0072287539958825, 0.006865564683955983, 0.006545292039302254, 0.006285830363909474, 0.006025491810971929, 0.005786535595895125, 0.005578510355791546, 0.0053968600005880815, 0.005236806069008725, 0.005080813194592864, 0.004943497541013507, 0.004810879888333696, 0.0046954053020655355, 0.004586522616980504, 0.004469136159454103, 0.004369105849562962, 0.004273278526515179, 0.004187327477042768, 0.004088057902657702, 0.003983747963456776, 0.0039046270497884224, 0.0038361690785448832, 0.003755435349845105, 0.0036823201716625655, 0.003612372085763985, 0.0035471276660360477, 0.003486922448343574, 0.0034264320231799867, 0.0033680370795751377], "train_accuracies": [0.5736104354918378, 0.7804921307841187, 0.8262951557741225, 0.8579950012126059, 0.8909645394521689, 0.8817872057358423, 0.8852701746630218, 0.8864505556207033, 0.889438178929143, 0.887383575428207, 0.8999600398278086, 0.9015621771602511, 0.9019910154290169, 0.9027690024308439, 0.9038296323152458, 0.9039090107072074, 0.9052905474068984, 0.9069682655844299, 0.9085172369795026, 0.9071917979972167, 0.9137149284470756, 0.9148267693114731, 0.91331961619779, 0.9110712888855604, 0.9135966278472036, 0.9053810323184391, 0.9053104203077232, 0.9052746243446878, 0.9054117795056517, 0.9055126335635875, 0.9056150504628068, 0.9056910996167165, 0.9056765879475096, 0.9054975719571864, 0.9057480203655531, 0.9058702336917134, 0.9058151128906874, 0.9057791619180883, 0.9056897714452924, 0.9055203006327527, 0.905203972597542, 0.9049222257527165, 0.9047275652300637, 0.9043928913350375, 0.90412053522074, 0.9038032653196802, 0.9034382749653462, 0.9030649084714973, 0.9028121124273576, 0.9023921557192532], "val_accuracy": 0.9042930603027344, "base_model_name": "gelu-1l", "text_dataset_name": "single_line.csv", "run_id": "fine_tune_paren_bal_0_2023-08-01_09-19-30", "combo_index": 0, "parameters": {"batch_size": 512, "learning_rate": 0.3, "lr_scheduler_patience": 1000, "num_epochs": 50, "optimizer": "SGD", "seed": 2384}}