{"train_losses": [0.1445760699765136, 0.017153413595819154, 0.014483589359775841, 0.00993355710620248, 0.009713442710597278, 0.00845904216102951, 0.008496401588426633, 0.007134176215227201, 0.006591323221141894, 0.006180799878480604, 0.005704537671756398, 0.005473782706335069, 0.005200154515500942, 0.004990023095892895, 0.004775712357262155, 0.00455456610630653, 0.0043847680710726155, 0.004152099477729772, 0.003979954502789477, 0.004175560158379405, 0.003891162752392028, 0.003714216971892934, 0.0034960865936536378, 0.003330280496273922, 0.0032960092813602454, 0.0032607972905268224, 0.0032013700826535787, 0.003194057585454821, 0.0031885593175359434, 0.0031797642820132546, 0.003178923303128144, 0.0031781509655356443, 0.003177092469929946, 0.0031770280977482645, 0.003176961014059712, 0.003176814071656902, 0.0031768099907141345, 0.003176805883687745, 0.003176801568541512, 0.003176797164802486, 0.0031767926645998217, 0.003176787843705893, 0.003176783040292567, 0.003176778193589581, 0.003176773301583463, 0.0031767681569780616, 0.003176762950046533, 0.0031767576157171046, 0.0031767523200097406, 0.003176746923537228], "train_accuracies": [0.9738851594475081, 0.9949784485049218, 0.9956228088282939, 0.9967393280949982, 0.9969690106574844, 0.9973474932166765, 0.9973179525549307, 0.9977090208785339, 0.9978771099129563, 0.997954878417201, 0.9980993739463998, 0.998170147152067, 0.998254823234846, 0.9983136652025787, 0.9983866299098393, 0.9984526338067444, 0.9985216591718062, 0.9986041555614591, 0.998674898589932, 0.9986486328098009, 0.9987300469440484, 0.9987750109636558, 0.9988370183503853, 0.9988937615973394, 0.9989020271496203, 0.9989244043827057, 0.9989381994841233, 0.9989412321984393, 0.9989457196034726, 0.9989512596490249, 0.9989493511757761, 0.9989486010569446, 0.9989497063669769, 0.9989497063669769, 0.9989500855499843, 0.9989500846128044, 0.9989500846128044, 0.9989500846128044, 0.9989500846128044, 0.9989500846128044, 0.9989500846128044, 0.9989500846128044, 0.9989500846128044, 0.9989500846128044, 0.9989500846128044, 0.9989500846128044, 0.9989500846128044, 0.9989500846128044, 0.9989500846128044, 0.9989500846128044], "test_accuracy": 0.9982782250795609, "base_model_name": "gelu-1l", "text_dataset_name": "single_line.csv", "run_id": "fine_tune_paren_bal_0_2023-08-11_14-43-47", "combo_index": 0, "parameters": {"batch_size": 512, "learning_rate": 0.01, "lr_scheduler_patience": 1000, "num_epochs": 50, "optimizer": "Adam", "seed": 2384}}