{"train_losses": [0.14370205045572287, 0.0214278406116514, 0.01658010738462491, 0.011423176565242684, 0.010350360520441764, 0.009474943050786666, 0.008807610043869266, 0.008363289851548866, 0.008200836159968338, 0.008124360623593741, 0.008082854539542546, 0.008046906220334224, 0.008035892660952167, 0.008026372952498027, 0.008019154480623328, 0.008015723788448897, 0.008014436043892641, 0.008013431523903127, 0.008013313167593765, 0.008013179919641442, 0.008013038767161983, 0.008013031749294942, 0.008013023701994299, 0.008013014660404305, 0.008013004571808584, 0.008012993418635015, 0.008012981106433432, 0.008012967903910895, 0.008012953497697864, 0.008012937880472614, 0.008012921252850233, 0.008012903851322221, 0.008012885601939223, 0.008012866505433413, 0.008012846592556007, 0.008012826062457741, 0.008012804836796233, 0.008012783570865274, 0.008012761252071217, 0.00801273903797773, 0.008012716169322625, 0.008012693424404558, 0.008012670191127877, 0.008012646912456543, 0.008012623421455376, 0.00801259981477106, 0.00801257616708512, 0.008012552288032881, 0.008012528373836394, 0.0080125043219916], "train_accuracies": [0.8730080415898899, 0.8160098929825069, 0.8467983127390064, 0.8772591772319386, 0.8655935512773646, 0.8764815797220986, 0.8794122467625816, 0.8835054917155571, 0.8849844383368702, 0.8840201995657675, 0.8831459759916149, 0.883222612007609, 0.8835193019992901, 0.8836190964815751, 0.8836295421018541, 0.8836075562351154, 0.8835675765133504, 0.8834807301092448, 0.8834783434867859, 0.8834765825256612, 0.8834747420916768, 0.883474664118305, 0.8834741556044644, 0.8834735691172522, 0.883472943268482, 0.8834725522770072, 0.8834718480799932, 0.8834697750379454, 0.8834689533185659, 0.8834684841662833, 0.8834683274697958, 0.8834675451119741, 0.8834675452994101, 0.8834668412898321, 0.8834661380299982, 0.8834659031727029, 0.8834650426540734, 0.8834650420917655, 0.8834644940289311, 0.8834640631135905, 0.8834626543446906, 0.8834619117232988, 0.8834612472627148, 0.8834603867440853, 0.883459838493815, 0.8834594473149042, 0.8834589777877496, 0.8834584300997872, 0.8834584304746592, 0.8834581954299279], "val_accuracy": 0.8839142750471066, "base_model_name": "gelu-1l", "text_dataset_name": "single_line.csv", "run_id": "fine_tune_paren_bal_3_2023-08-01_23-52-07", "combo_index": 3, "parameters": {"batch_size": 512, "learning_rate": 0.01, "lr_scheduler_patience": 1000, "num_epochs": 50, "optimizer": "Adam", "seed": 2384}}