{"train_losses": [3.8285709313064253, 1.1602924898173075, 0.900983528567935, 1.454897883459457, 0.5480123415308179, 0.3145304274446559, 0.2720972902651103, 0.259071336695983, 0.2559193294471915, 0.2509580816862718, 0.23992740105158128, 0.22448385310060573, 0.2093840500093856, 0.19813098805318088, 0.1852049430679975, 0.1745524229774685, 0.1613190216275881, 0.15862483470319952, 0.15820617702022288, 0.16201616828359147, 0.16060036172469458, 0.15247966121858772, 0.1489993970161714, 0.1478660360868997, 0.14670942557401628, 0.14536515145369297, 0.14366251635570196, 0.1424849623310491, 0.1408043775543477, 0.13926762722010883, 0.13789265567682824, 0.1358832080128058, 0.13358816912151733, 0.13158094231625023, 0.13075300095216283, 0.12911396164376782, 0.12739947939631324, 0.12601882252115873, 0.1239427627538735, 0.1219212791220572, 0.11998923446209926, 0.11731488564572994, 0.11561603586441316, 0.11448612645174722, 0.11299386369825909, 0.11114178417519953, 0.10914918082127781, 0.10791649528831807, 0.10649683415514868, 0.10444411112921043], "train_accuracies": [0.5335237248888556, 0.5922807248883277, 0.6918781684629572, 0.6763240553485522, 0.7217572751285145, 0.7253245844406152, 0.7303481143225664, 0.7307773796642352, 0.7311171418840781, 0.7325070884617619, 0.7320921799671725, 0.7321114257071752, 0.7325289972923087, 0.7325989440926965, 0.7319293215214832, 0.7294924332285827, 0.7303899729026938, 0.7300927346607424, 0.7181260403972002, 0.7085986202992733, 0.7112956195132537, 0.7158588566495188, 0.7140888952234257, 0.7103742943994654, 0.7086205266931522, 0.7063861269995851, 0.7051926796916146, 0.7029196275105266, 0.7008181984694499, 0.697843795489965, 0.6951482833931281, 0.6933408029049447, 0.6918671777788198, 0.69137782102111, 0.6900927533143721, 0.6899074795860914, 0.6871579042020833, 0.6822308052635793, 0.6788944227140654, 0.6789135134445047, 0.6765047514213706, 0.6740002255394774, 0.6705285636883862, 0.6661516949065827, 0.6636460352243867, 0.664504608080822, 0.6658561404021281, 0.6626433394615006, 0.6439706655043476, 0.6343564737892751], "val_accuracy": 0.6277155020298102, "base_model_name": "gelu-1l", "text_dataset_name": "single_line.csv", "run_id": "fine_tune_paren_bal_0_2023-08-01_17-54-29", "combo_index": 0, "parameters": {"batch_size": 512, "learning_rate": 0.3, "lr_scheduler_patience": 1000, "num_epochs": 50, "optimizer": "Adam", "seed": 2384}}