{"train_losses": [0.03071335189387864, 0.0013793072144412319, 0.0008278437747796499, 0.0005964591823527062, 0.00046308496555569, 0.000373960659690399, 0.0003111444788053449, 0.00026500283882273406, 0.0002297419656120986, 0.000202018314563968, 0.0001797152593230434, 0.0001614172577422512, 0.00014616235923496114, 0.00013327000529246124, 0.00012224442748704877, 0.0001127157609505431, 0.0001044023957095437, 9.709027456682513e-05, 9.061339380377545e-05, 8.483773978221495e-05, 7.965946990065185e-05, 7.499271100784638e-05, 7.076784687004811e-05, 6.692924182873942e-05, 6.342774157923223e-05, 6.022245534555657e-05, 5.728164960486732e-05, 5.457245260742021e-05, 5.2073557789579514e-05, 4.976104234897864e-05, 4.76133377589073e-05, 4.561682037790247e-05, 4.3759893344843554e-05, 4.202763239222318e-05, 4.040273792979746e-05, 3.888113594183086e-05, 3.7455915150914176e-05, 3.6113545530617626e-05, 3.485318540651574e-05, 3.3658412889362466e-05, 3.2536753121159974e-05, 3.1470560427480006e-05, 3.0468194005587054e-05, 2.9512127000243538e-05, 2.8609731651090015e-05, 2.775075803434882e-05, 2.693112983194721e-05, 2.6156131359684935e-05, 2.5412923642652918e-05, 2.470692219841175e-05], "train_accuracies": [0.7535340312704351, 0.7678867183016531, 0.7729298080663262, 0.776581070708029, 0.7799277020700323, 0.7834591805560034, 0.7869778635366907, 0.7901398492684154, 0.792825698477667, 0.7950277081075704, 0.7968257568167441, 0.7983527072945481, 0.7997104591168698, 0.8009560906662131, 0.8021338898805702, 0.8032518724600474, 0.8043458347425521, 0.8054392888860883, 0.8065136123753194, 0.8075137265823172, 0.808434619093841, 0.8092783301506402, 0.8100563966253269, 0.8107742952100886, 0.8114112529364772, 0.8119384777620904, 0.8123763917752032, 0.8127377048228521, 0.8130526280253189, 0.8133136000273362, 0.8135602146199664, 0.8137914157888424, 0.8140080646149017, 0.8142199814319611, 0.8144209787905591, 0.8146131792158451, 0.8147918012157176, 0.8149512196486851, 0.8150983122909594, 0.8152475943730312, 0.8153887780957252, 0.8155206940459006, 0.8156469734209888, 0.8157678156528833, 0.8158840051612014, 0.8159972575475585, 0.8161040197753306, 0.8162127333991932, 0.8163130761317487, 0.8164174114383241], "val_accuracy": 0.8167421481548212, "base_model_name": "gelu-1l", "text_dataset_name": "single_line.csv", "run_id": "fine_tune_paren_bal_1_2023-07-31_16-55-44", "combo_index": 1, "parameters": {"batch_size": 512, "learning_rate": 0.01, "lr_scheduler_patience": 1000, "num_epochs": 50, "optimizer": "SGD", "seed": 2384}}