{"run_id": "hier_eqal_6_2023-06-29_23-53-06", "combo_index": 6, "parameters": {"batch_size": 16000, "hidden_size": 16, "intervene_hook": "hook_mid2", "intervene_nodes": ["b1", "b2"], "num_epochs": 50, "seed": 2384, "size_per_input": 4, "subspace_sizes": [4, 4], "test_ii_dataset_size": 1000, "train_ii_dataset_size": 1000000, "train_lr": 0.01}, "train_losses": [7.483522142682757, 3.8191954824659557, 2.9649729274568104, 2.4706307063027033, 1.9480220287565202, 1.690396227533855, 1.5014951664303977, 1.3894540714839148, 1.3065190334168693, 1.2476209666993883, 1.201197726385934, 1.1637923490433466, 1.132874362052433, 1.1074022243893336, 1.0844269924693637, 1.063933929753682, 1.0450217780612765, 1.027306146091885, 1.010504130333189, 0.9946440742129371, 0.979408878182608, 0.9651233563347469, 0.9513986990565345, 0.9382623661132086, 0.9257187483802675, 0.9136941319420224, 0.9023989193023197, 0.8914635635557628, 0.8813078337245517, 0.8717404660724458, 0.8629476087433952, 0.8547404389532786, 0.8469970037066747, 0.8400522886760651, 0.8336226911771865, 0.8276949212664649, 0.8221286894783141, 0.817092394071912, 0.8122056448270404, 0.8076299192413451, 0.8035012701201061, 0.7995783156818814, 0.7960198909517319, 0.7926056243124462, 0.7895405368199424, 0.7865967665399823, 0.7838715031033471, 0.7812696108742366, 0.778686004971701, 0.7762686553455534], "train_accuracies": [0.7445625378972008, 0.8053393231497871, 0.8232341664178031, 0.8332629374095372, 0.8491468647169689, 0.8570684904143924, 0.8651180976913089, 0.8698928990061321, 0.873822461991083, 0.8768542068345206, 0.8792103614125933, 0.8815059926774766, 0.8832897222231305, 0.8849613496235439, 0.8866012361314561, 0.887988134982094, 0.8892748431553916, 0.8905605569718376, 0.8916756397201901, 0.8927688920308673, 0.8938671066647484, 0.8948274207493615, 0.8957480551704528, 0.8965050086142525, 0.8972282154219491, 0.8979127425996084, 0.8985823818615505, 0.8992292076822311, 0.8997649266606286, 0.9003026267838856, 0.9008720687457493, 0.9013175037172105, 0.9018006409917559, 0.9022421070507595, 0.9027163130896432, 0.9030992521180047, 0.9033482585634504, 0.9036349559587146, 0.9039246477777996, 0.9041875421054779, 0.9044206785777259, 0.9046309978242905, 0.9048532143471733, 0.9050665128798712, 0.9052927039918446, 0.9054643256323678, 0.9056270254982842, 0.9057222680440025, 0.9058899236103845, 0.9060079786512587], "test_loss": 0.6567832827568054, "test_accuracy": 0.9040000438690186}