{"run_id": "hier_eqal_1_2023-06-29_22-28-02", "combo_index": 1, "parameters": {"batch_size": 16000, "hidden_size": 16, "intervene_hook": "hook_mid1", "intervene_nodes": ["b1", "b2"], "num_epochs": 50, "seed": 2384, "size_per_input": 4, "subspace_sizes": [2, 2], "test_ii_dataset_size": 1000, "train_ii_dataset_size": 1000000, "train_lr": 0.01}, "train_losses": [14.623692497374519, 13.400985596671937, 12.940356890360514, 12.570421688140385, 12.22303220960829, 11.924827045864529, 11.664872563074505, 11.453298523312522, 11.292854278806656, 11.145002183460054, 11.01927053360712, 10.911826315380278, 10.832376313587975, 10.75511236039419, 10.674649889506991, 10.590424371144127, 10.49286895328098, 10.389164924621582, 10.255320458185105, 10.16881305452377, 10.013648260207404, 9.806020116049146, 9.602771335177952, 9.398001943315778, 9.23581252022395, 9.103851136707124, 9.003419013250442, 8.926604891580249, 8.862103598458427, 8.809193066188268, 8.766138107057602, 8.724587667556037, 8.692370823451451, 8.647226939125666, 8.619187839447505, 8.573367875719827, 8.575718879699707, 8.503398940676735, 8.509194601149787, 8.468662549578955, 8.44339532700796, 8.404093235258072, 8.396741897340805, 8.363122016664535, 8.33592983276125, 8.276826366545661, 8.225490963648236, 8.154281131804936, 8.079562928941515, 7.997860121348547], "train_accuracies": [0.6297043902533395, 0.6401934850783575, 0.6472530109541756, 0.6504692785323613, 0.6511934853735424, 0.65448316316756, 0.6579157038340493, 0.6604494386249118, 0.6621508229346502, 0.6641855438550314, 0.6652172945794605, 0.665953400589171, 0.6663472519980537, 0.6660516214749169, 0.6658551891644796, 0.6651200727810935, 0.665089317730495, 0.6647043966111683, 0.6652867425055731, 0.6655198742472936, 0.6695674951114352, 0.6792887222199213, 0.6857649125750103, 0.6914603492570301, 0.6954662989056299, 0.6990476562863305, 0.7017917008627028, 0.7032153104978894, 0.7047778103086684, 0.7054544006075177, 0.7060466569567484, 0.7066845581645057, 0.7073670966284615, 0.7081349548839387, 0.7083809848815675, 0.7091299929316082, 0.7078373328087821, 0.7099772171368675, 0.7077817756032186, 0.7081111480319311, 0.7079266196205503, 0.7088591607790145, 0.7080704702271355, 0.7084375364439828, 0.7082966575546871, 0.7093095571275742, 0.7080992375101361, 0.7079583652435787, 0.7072470547660948, 0.7072976524867709], "test_loss": 7.616242408752441, "test_accuracy": 0.7170000076293945}