{"run_id": "hier_eqal_7_2023-06-30_00-10-04", "combo_index": 7, "parameters": {"batch_size": 16000, "hidden_size": 16, "intervene_hook": "hook_mid2", "intervene_nodes": ["b1", "b2"], "num_epochs": 50, "seed": 2384, "size_per_input": 4, "subspace_sizes": [8, 8], "test_ii_dataset_size": 1000, "train_ii_dataset_size": 1000000, "train_lr": 0.01}, "train_losses": [4.244925188639807, 1.8722590946015858, 1.5469032431405687, 1.349393441563561, 1.2169390178862072, 1.1209718868845986, 1.0455754351994349, 0.983821033485352, 0.9337044632624066, 0.8935853744310046, 0.8615368273523119, 0.835771277783409, 0.8147654911828419, 0.797461726362743, 0.7830780148506165, 0.7709945307837592, 0.7606729023040287, 0.7517230009275769, 0.7438632770190163, 0.7368655602137247, 0.7305666388027252, 0.7248727281888326, 0.7196866794238015, 0.714933917635963, 0.7105507727653261, 0.706493355925121, 0.7027141782972548, 0.6991818632398333, 0.6958772805002, 0.692766683442252, 0.6898266777159676, 0.6870304327162485, 0.6843696274454631, 0.6818364035515558, 0.6794168192242819, 0.6771068695991759, 0.6748992384426178, 0.6727855120386396, 0.670758653254736, 0.6688111320374504, 0.6669402330640762, 0.6651345557636685, 0.6633981589287047, 0.6617192730071053, 0.6600982754949539, 0.6585288161323184, 0.6570124276100643, 0.6555439035097758, 0.6541181670294868, 0.6527383327484131], "train_accuracies": [0.7861220600113036, 0.8501667058657086, 0.8660446859541393, 0.8731200827492608, 0.8773393252539257, 0.8808482563684857, 0.8836835717398023, 0.8867173015125214, 0.8902569886237856, 0.8932500443761311, 0.8956389313652402, 0.8977272236157977, 0.899522862737141, 0.9010794068139697, 0.9024772256139725, 0.9036954792719039, 0.9047361527170453, 0.9056349623770941, 0.9063651249522254, 0.9069831749749562, 0.9075982580109249, 0.9082163156024994, 0.9086974651094467, 0.9091696852729434, 0.9095645282003615, 0.9099881421952021, 0.9102847670751905, 0.9105962751403688, 0.9109117502257937, 0.9111696831763737, 0.9114534164231921, 0.911640913713546, 0.9118482593506102, 0.9120307971560766, 0.9122212775169857, 0.912416710740044, 0.9125605566161019, 0.9127192904078771, 0.9128562013308207, 0.9129752422135974, 0.9130863509480915, 0.913217304244874, 0.9133611520131429, 0.9135139291248624, 0.9136379389535814, 0.9137431004690746, 0.9138780198399983, 0.9139901219852387, 0.914105202470507, 0.914201433696444], "test_loss": 0.6229864358901978, "test_accuracy": 0.9160000681877136}