{"run_id": "hier_eqal_4_2023-06-29_23-19-09", "combo_index": 4, "parameters": {"batch_size": 16000, "hidden_size": 16, "intervene_hook": "hook_mid2", "intervene_nodes": ["b1", "b2"], "num_epochs": 50, "seed": 2384, "size_per_input": 4, "subspace_sizes": [1, 1], "test_ii_dataset_size": 1000, "train_ii_dataset_size": 1000000, "train_lr": 0.01}, "train_losses": [10.83603088439457, 6.7854606083461215, 4.525264073931981, 3.033363520152985, 2.2515093409825884, 2.0114439423122104, 1.8682766698655628, 1.800866859299796, 1.741536467794388, 1.6973657078213162, 1.6660705331772092, 1.6412947177886963, 1.6207378175523546, 1.6045093536376953, 1.591901905952938, 1.582197874311417, 1.5748258753428384, 1.5695173078113132, 1.565479668359908, 1.562405781140403, 1.56007262638637, 1.558350954736982, 1.5570756783561102, 1.5558807036233326, 1.5550180522222368, 1.5542906125386555, 1.5536494141533261, 1.553106457468063, 1.5527014940504045, 1.5523142606493026, 1.552033787681943, 1.5517799986733332, 1.5515561955315726, 1.551367131490556, 1.5512088688593062, 1.5510458681318495, 1.5509094264772203, 1.5508199608515179, 1.5506922574270339, 1.5506082451532757, 1.5504992235274542, 1.5504070047348264, 1.5503345481933108, 1.5502743872385176, 1.5502209682313224, 1.5501446061664157, 1.550097387934488, 1.550038110642206, 1.5499820463241092, 1.549939341015286], "train_accuracies": [0.7151825692918565, 0.7764008329028175, 0.7997807917140779, 0.8258948751858303, 0.8505833745002747, 0.8578591696799748, 0.862774840423039, 0.8643869454898532, 0.8658571848793636, 0.8671220673455132, 0.8680655152078659, 0.8688948797801185, 0.8695317894693405, 0.8701637349431477, 0.8706895254907154, 0.8711825836272467, 0.8715387346252562, 0.8718512323167589, 0.872091309418754, 0.8723036145407056, 0.8724544086153545, 0.8726081772456094, 0.8726915073773217, 0.8727520250138783, 0.8728641281052242, 0.8728919038696895, 0.8729434864861625, 0.8729593640282041, 0.8729841699675908, 0.8730238553077455, 0.8730675038837251, 0.8730992476145426, 0.8730803983552116, 0.8731002429174999, 0.8730932966111198, 0.8731042061533246, 0.8731101628333803, 0.8731121496548728, 0.8731131392811972, 0.8731280167897543, 0.8731290102005005, 0.8731290120927114, 0.8731270281095354, 0.8731419056180924, 0.8731250422341483, 0.8731369461332049, 0.8731399216349163, 0.8731270243251135, 0.8731280167897543, 0.8731399235271272], "test_loss": 1.484415888786316, "test_accuracy": 0.8700000643730164}