{"run_id": "hier_eqal_8_2023-06-30_00-26-53", "combo_index": 8, "parameters": {"batch_size": 16000, "hidden_size": 16, "intervene_hook": "hook_mid3", "intervene_nodes": ["b1", "b2"], "num_epochs": 50, "seed": 2384, "size_per_input": 4, "subspace_sizes": [1, 1], "test_ii_dataset_size": 1000, "train_ii_dataset_size": 1000000, "train_lr": 0.01}, "train_losses": [12.397626695178804, 12.327930647229392, 12.327852037217882, 12.32777934604221, 12.327712392050122, 12.32765044863262, 12.327592531840006, 12.327538323780846, 12.32748782445514, 12.327439837985569, 12.327395318046449, 12.327353568304153, 12.327313695635114, 12.327276002793084, 12.32724002050975, 12.327205763922798, 12.327173414684477, 12.327142382424976, 12.327112773108103, 12.3270845413208, 12.327057520548502, 12.327031710791209, 12.32700630975148, 12.326982740371946, 12.326959398057726, 12.326937039693197, 12.326915937756736, 12.326895289950901, 12.326875217377193, 12.32685593196324, 12.326837312607537, 12.326819571237715, 12.326801693628704, 12.326784875657824, 12.326768178788443, 12.326752450731066, 12.326736889188252, 12.326721857464502, 12.326707083081443, 12.326692808242072, 12.32667921459864, 12.326665696643648, 12.32665245116703, 12.32663972037179, 12.326627201504177, 12.32661495511494, 12.326603193131705, 12.326591506836907, 12.326580274672736, 12.326569118197002], "train_accuracies": [0.6403770162945702, 0.6416766179932488, 0.6416756236363971, 0.6416915002323332, 0.6417043937577142, 0.641702411666749, 0.6417113353335668, 0.641727210037292, 0.6417331638790312, 0.6417301931078472, 0.6417460678115724, 0.6417430894715446, 0.6417411064344739, 0.6417440838283963, 0.6417381290405516, 0.6417222514985099, 0.6417341601280939, 0.6417381280944461, 0.6417470555456858, 0.6417391177207704, 0.641741104542263, 0.6417411017039466, 0.6417420960607982, 0.6417510235120379, 0.6417480470642211, 0.641746063081045, 0.6417351507005238, 0.6417321751988123, 0.6417460621349396, 0.6417589594447424, 0.6417639217679463, 0.6417589613369533, 0.6417738407377213, 0.6417768190777491, 0.641781779508742, 0.6417698699330526, 0.6417688793606229, 0.6417649095020597, 0.641770863343799, 0.64178276629675, 0.6417877286199539, 0.6417946749263339, 0.6418036014314682, 0.6417966589095101, 0.6418006249836513, 0.6417916994246226, 0.6417916965863061, 0.6417996344112215, 0.6417946739802285, 0.6417996344112215], "test_loss": 12.714946746826172, "test_accuracy": 0.6520000100135803}