{"run_id": "hier_eqal_3_2023-06-29_23-02-11", "combo_index": 3, "parameters": {"batch_size": 16000, "hidden_size": 16, "intervene_hook": "hook_mid1", "intervene_nodes": ["b1", "b2"], "num_epochs": 50, "seed": 2384, "size_per_input": 4, "subspace_sizes": [8, 8], "test_ii_dataset_size": 1000, "train_ii_dataset_size": 1000000, "train_lr": 0.01}, "train_losses": [15.753677549816313, 11.813380120292543, 10.140052311004155, 9.035188690064446, 8.245411963689895, 7.443430643233042, 6.385313064332992, 5.157177773732988, 4.317243992336213, 3.888740229228186, 3.644792318344116, 3.4669754315936374, 3.308473242653741, 3.156981835289607, 3.0157254120660206, 2.906283863007076, 2.818259042406839, 2.741064680947198, 2.669103122892834, 2.5984150000980923, 2.5267684308309404, 2.4530497051420665, 2.377861223523579, 2.301524483968341, 2.2241082304999944, 2.1455233399830167, 2.066389040341453, 1.9857128158448234, 1.9014205043278043, 1.8125644051839436, 1.719087494744195, 1.6214509502289787, 1.5226707439573983, 1.4261581576059734, 1.3351162482821752, 1.2533079026237366, 1.1839502028056554, 1.128065858568464, 1.0836977504548573, 1.0473021108006675, 1.015738606452942, 0.987127749692826, 0.9602134331824288, 0.934270997842153, 0.9089056953551278, 0.883919686552078, 0.8594913794880822, 0.8357691386389354, 0.8129320542017618, 0.7912456345936608], "train_accuracies": [0.6301736405917576, 0.6382540019731673, 0.6402301873479571, 0.645425626209804, 0.654250028587523, 0.6642321764476715, 0.6702916991143, 0.6748353507783678, 0.684218286521851, 0.6951964573254661, 0.7039881272921487, 0.7111666987812708, 0.7175575702909439, 0.7238016232611642, 0.7289722580758352, 0.7331994384054153, 0.7374474557619246, 0.7418512247857594, 0.7463690837224325, 0.7506776149310763, 0.7550684875912137, 0.7592034074995253, 0.7634216613239713, 0.7676081695253887, 0.7712411095225622, 0.7744911038686358, 0.7775278157658048, 0.7807381323405674, 0.7842242462294442, 0.788644878637223, 0.7938581724015493, 0.7998809890141563, 0.8067292012865581, 0.8139901199038067, 0.8213919041648744, 0.8288046036447797, 0.8356984532068646, 0.8417510342976403, 0.8471994418946523, 0.8516270272315495, 0.8553214697610765, 0.8587956740742638, 0.8620893283495827, 0.8651399177218241, 0.8681319829017397, 0.8709018287204561, 0.873694486088223, 0.8764593657993135, 0.8792252389211503, 0.8818730570021129], "test_loss": 0.7476527094841003, "test_accuracy": 0.8700000643730164}