{"run_id": "hier_eqal_0_2023-06-29_22-10-50", "combo_index": 0, "parameters": {"batch_size": 16000, "hidden_size": 16, "intervene_hook": "hook_mid1", "intervene_nodes": ["b1", "b2"], "num_epochs": 50, "seed": 2384, "size_per_input": 4, "subspace_sizes": [1, 1], "test_ii_dataset_size": 1000, "train_ii_dataset_size": 1000000, "train_lr": 0.01}, "train_losses": [14.100469861711774, 13.220886063954186, 13.040113085792179, 12.91885484967913, 12.800600430322072, 12.683789328923302, 12.559511426895384, 12.404414706759983, 12.271264378986661, 12.150965720888168, 12.062584044441344, 11.999897048586892, 11.947544809371706, 11.895692386324443, 11.842517353239513, 11.800273789299858, 11.76266190362355, 11.72940774947878, 11.700144934275794, 11.674650555565243, 11.65214108663892, 11.632517769223167, 11.615040355258518, 11.599511842879037, 11.58569634149945, 11.573399604312957, 11.5624571603442, 11.552378442552355, 11.54304357558962, 11.534689812433152, 11.527182881794278, 11.520391252305773, 11.51378475673615, 11.506786104232546, 11.50127857450455, 11.49672017778669, 11.493033651321653, 11.489947818574452, 11.487240216088674, 11.484767762441484, 11.482570194062733, 11.480565540374272, 11.478649563259548, 11.47680564153762, 11.47500533149356, 11.473266707526314, 11.471578567747086, 11.46993357037741, 11.468372405521453, 11.46692192743695], "train_accuracies": [0.6281815738905043, 0.6288551886876425, 0.6280000323341006, 0.6278581628723751, 0.6279474525224595, 0.6293998341711741, 0.6337361420903888, 0.6405397133221702, 0.6484583644639879, 0.6552510252074589, 0.6596607452347165, 0.6619494406003801, 0.663764909146324, 0.6650486427640158, 0.6659563827136207, 0.6663730475637648, 0.6665635231941466, 0.6667649168816824, 0.6670972515666296, 0.667303600954631, 0.6673571732309129, 0.6673819782241942, 0.6673591562679836, 0.6673700733790322, 0.667443489271497, 0.6675407053932311, 0.6674891180462308, 0.6675089597702026, 0.667395862322005, 0.6672490409442356, 0.6672113424255735, 0.6672579674493699, 0.6671061856406075, 0.6668413007070148, 0.6667301910264152, 0.6667291995078798, 0.6666915009892176, 0.6666498316658868, 0.6666905104167877, 0.6666696743359641, 0.6667559875382317, 0.6667619366494436, 0.6667321750095913, 0.6667619357033382, 0.6667817764812045, 0.6668641169865926, 0.6670168969366286, 0.6671220575060163, 0.6672291992202638, 0.6672738412069896], "test_loss": 11.208901405334473, "test_accuracy": 0.6650000214576721}