{"run_id": "hier_eqal_5_2023-06-29_23-36-08", "combo_index": 5, "parameters": {"batch_size": 16000, "hidden_size": 16, "intervene_hook": "hook_mid2", "intervene_nodes": ["b1", "b2"], "num_epochs": 50, "seed": 2384, "size_per_input": 4, "subspace_sizes": [2, 2], "test_ii_dataset_size": 1000, "train_ii_dataset_size": 1000000, "train_lr": 0.01}, "train_losses": [6.878301628052243, 3.8762900715782527, 2.9113752425663053, 2.396386148437621, 1.9980934952932692, 1.898489138436696, 1.678137775451418, 1.6250719986264668, 1.5448268330286419, 1.4501060133888608, 1.422688058444432, 1.364529770518106, 1.3037167636175004, 1.2964820256308904, 1.2589531361110626, 1.226132829984029, 1.2212060141184973, 1.1870336040617928, 1.193943180735149, 1.1622045513183352, 1.168332815170288, 1.1412121133198814, 1.1483132744592333, 1.1297101558200897, 1.124417638021802, 1.118378994956849, 1.112498194452316, 1.106465046367948, 1.100574500977047, 1.0949455196895297, 1.0891786955651783, 1.0838172473604717, 1.0785378227158198, 1.0733408057500446, 1.0684618126778376, 1.0635668152854556, 1.0587020885376703, 1.0540277371330866, 1.0496436177738129, 1.0451639247319056, 1.040981546280876, 1.0366640242319258, 1.0323983591700356, 1.0282244805305722, 1.02422568249324, 1.020303365730104, 1.016560765485915, 1.0129168714795793, 1.0092915552003043, 1.0059397949112787], "train_accuracies": [0.7692847583029006, 0.813583374969543, 0.8295932894661313, 0.837462340082441, 0.849600234675029, 0.8512907151191954, 0.8600526206077092, 0.8610694834164211, 0.8638373461980668, 0.8680774228913444, 0.8687004361833844, 0.8713680988266355, 0.8752182930234879, 0.8752014315317548, 0.8768532172081962, 0.8791180962607974, 0.8795655189998566, 0.8808026181326972, 0.880778810334584, 0.8821508382994031, 0.8820010347971841, 0.8829792075686984, 0.8829286174168662, 0.8836756395915198, 0.8838561924677046, 0.8840704825189378, 0.8843988473453219, 0.8845665085883367, 0.8848204849258302, 0.8850317871759809, 0.8852688887762645, 0.8854732617499337, 0.8856954773267111, 0.8859067899840218, 0.8861300046481784, 0.8863422984168643, 0.8865248400067526, 0.8866924993575566, 0.8868938911528814, 0.8870923046081786, 0.8872421043259757, 0.8873680990839762, 0.8874762294784425, 0.8876260358189779, 0.8877768270553105, 0.8879167049650162, 0.8880794086153545, 0.8882242422255259, 0.8883671079363141, 0.8885675006442599], "test_loss": 0.9840761423110962, "test_accuracy": 0.89000004529953}