{"run_id": "hier_eqal_2_2023-06-29_22-45-12", "combo_index": 2, "parameters": {"batch_size": 16000, "hidden_size": 16, "intervene_hook": "hook_mid1", "intervene_nodes": ["b1", "b2"], "num_epochs": 50, "seed": 2384, "size_per_input": 4, "subspace_sizes": [4, 4], "test_ii_dataset_size": 1000, "train_ii_dataset_size": 1000000, "train_lr": 0.01}, "train_losses": [16.869539836096386, 14.095976072644431, 13.039166571601989, 12.177381591191368, 11.474646401783776, 10.950154259091331, 10.572393432496087, 10.229632756066701, 9.920987840682741, 9.646089205666193, 9.452174731663295, 9.236974867563399, 9.049694152105422, 8.865449648054819, 8.704218894716293, 8.553605306716193, 8.39351408822196, 8.299045108613514, 8.20134066778516, 8.074530715034122, 7.99963328951881, 7.878542287009103, 7.823091983795166, 7.692720405639164, 7.668934564741831, 7.511363907465859, 7.408649679214236, 7.408265651218475, 7.236458869207473, 7.14310934430077, 7.151157295893109, 6.994904578678192, 6.90841637717353, 6.847434414757623, 6.858313552916996, 6.70465758490184, 6.642396207839724, 6.57552759231083, 6.471227615598648, 6.319945282406277, 6.219439937954857, 6.038978342025999, 5.876381594037253, 5.72899856264629, 5.574286354912652, 5.439976298619831, 5.347925723545135, 5.2684373023018, 5.186241657014877, 5.1372749010721845], "train_accuracies": [0.6389206666795034, 0.6482450678235009, 0.651855192487202, 0.6562232469755506, 0.6598710644812811, 0.6623849528176444, 0.6640714567805094, 0.6663323716511802, 0.6690813766585456, 0.6723948754961528, 0.6745704686830915, 0.6778869373457772, 0.6803750291703239, 0.6831260238374982, 0.6854861407052903, 0.6875337617737907, 0.69000301190785, 0.6908293962478638, 0.6911825689058455, 0.6924980472004603, 0.6923710656544518, 0.6938551938723004, 0.6929305886465406, 0.695191500678895, 0.6931151151657104, 0.6960446739953662, 0.6963293978146144, 0.6936299923866515, 0.6961815782955715, 0.6962688830163744, 0.6935486433997987, 0.696625030229962, 0.6969057889211745, 0.6962520139557975, 0.6922172941858806, 0.6954097501815312, 0.6944653070162213, 0.6920010220436823, 0.6918591601508004, 0.6923164999674237, 0.6900575747565617, 0.6907311819848561, 0.691172648989965, 0.6915069761730376, 0.6932371400651478, 0.6950476529106261, 0.6956200703742013, 0.6965010270239815, 0.6983780113477556, 0.6987291990764557], "test_loss": 4.960237503051758, "test_accuracy": 0.6910000443458557}