{"run_id": "paren_bal_0_2023-06-30_13-52-32", "combo_index": 0, "parameters": {"batch_size": 128, "dataset_file": "clean_data.csv", "dataset_max_len": 10000, "intervene_hook": "blocks.0.hook_resid_mid", "intervene_node": "s", "model_name": "gelu-1l", "num_epochs": 30, "seed": 2384, "subspace_size": 64, "test_ii_dataset_size": 1000, "test_proportion": 0.1, "train_ii_dataset_size": 10000, "train_lr": 10000}, "train_losses": [0.82525398082371, 0.8252328302286849, 0.8252117196215859, 0.8251904860327516, 0.825169342228129, 0.8251480512981173, 0.8251268320445773, 0.8251055622402625, 0.8250842267953897, 0.8250628936139843, 0.8250415453427955, 0.8250201352034943, 0.8249987371360199, 0.8249772787094116, 0.8249557629416261, 0.8249343701555759, 0.8249128325076043, 0.8248912707159791, 0.8248696357389039, 0.824848044522201, 0.8248264721677273, 0.824804819082912, 0.8247830882857118, 0.8247613039197801, 0.824739695349826, 0.8247179011755352, 0.8246961869770968, 0.8246744320362429, 0.824652698221086, 0.8246308550049987], "train_accuracies": [0.34157854582689984, 0.34159832400611684, 0.3416128984734982, 0.3416482919379126, 0.3416763985458809, 0.34169825798348535, 0.34171595490431483, 0.3417346918884712, 0.34175134761424003, 0.34176383893701096, 0.34177112541621246, 0.3418002724647522, 0.34182733787765984, 0.34185544373113896, 0.3418668946133384, 0.34190124801442595, 0.34193143550353716, 0.34194184254996385, 0.34196682783621773, 0.3419938943808592, 0.34203657394723047, 0.34205843451656875, 0.3421011144601846, 0.34213962962355793, 0.3421625306334677, 0.3421843915800505, 0.3422093753573261, 0.3422249895107897, 0.3422530949870242, 0.3422739158702802], "test_loss": 0.8157831355929375, "test_accuracy": 0.35987476259469986}