{"run_id": "paren_bal_0_2023-06-30_15-55-00", "combo_index": 0, "parameters": {"batch_size": 128, "dataset_file": "clean_data.csv", "dataset_max_len": 10000, "intervene_hook": "blocks.0.hook_resid_post", "intervene_node": "s", "model_name": "gelu-1l", "num_epochs": 30, "seed": 2384, "subspace_size": 256, "test_ii_dataset_size": 1000, "test_proportion": 0.1, "train_ii_dataset_size": 10000, "train_lr": 10000}, "train_losses": [0.8258630580539945, 0.825855985472474, 0.8258487438853783, 0.8258414811725858, 0.8258344644232641, 0.8258272839497917, 0.8258201759072799, 0.8258131576489799, 0.8258061688157576, 0.8257990517193758, 0.8257920923112314, 0.825784985777698, 0.8257780935190902, 0.8257710480991798, 0.8257642139362383, 0.8257571654983714, 0.8257503547245943, 0.8257435726214059, 0.8257365868061404, 0.8257296885116191, 0.8257228641570369, 0.8257160149043119, 0.8257093444655214, 0.825702514829515, 0.8256958421272568, 0.8256890554971332, 0.8256823820403859, 0.8256757191464871, 0.8256688729117189, 0.8256622515147245], "train_accuracies": [0.34200013928775547, 0.34202824551847916, 0.3420324106759663, 0.3420313694809057, 0.3420396948917003, 0.34205427086805995, 0.3420605172839346, 0.34206988615325734, 0.34206780451762525, 0.3420636393601381, 0.3420678026314023, 0.3420761310601536, 0.3420657225047486, 0.34206988615325734, 0.3420875830740868, 0.3421011152146738, 0.34210423917710026, 0.34212193345721764, 0.34212401471560516, 0.3421281787413585, 0.34214483522161654, 0.3421479565433309, 0.3421542029592055, 0.34214795880679844, 0.3421646141553227, 0.3421739822701563, 0.34217189874830123, 0.342187515542477, 0.3421927215177802, 0.3422229090068914], "test_loss": 0.8187918290495872, "test_accuracy": 0.35924217104911804}