{"run_id": "paren_bal_11_2023-06-30_06-23-58", "combo_index": 11, "parameters": {"batch_size": 128, "dataset_file": "clean_data.csv", "dataset_max_len": 10000, "intervene_hook": "blocks.0.hook_resid_pre", "intervene_node": "s", "model_name": "gelu-1l", "num_epochs": 30, "seed": 2384, "subspace_size": 256, "test_ii_dataset_size": 1000, "test_proportion": 0.1, "train_ii_dataset_size": 10000, "train_lr": 10000}, "train_losses": [0.8165049183217785, 0.8163845282566699, 0.8162634010556378, 0.8161411994620215, 0.8160181286968763, 0.8158942785444139, 0.8157693268377569, 0.8156435980072504, 0.8155170143405094, 0.8153893079938768, 0.8152606396735469, 0.8151311625408221, 0.8150006638297552, 0.8148693978031979, 0.8147371501862248, 0.8146038251587108, 0.8144694740259195, 0.8143341586559634, 0.8141982351677327, 0.8140608540064171, 0.8139229250859611, 0.813783594324619, 0.8136437052412878, 0.813502636136888, 0.813360653346098, 0.8132175131689144, 0.813073486466951, 0.8129285211804547, 0.8127824030344999, 0.8126353214058695], "train_accuracies": [0.35608658156817474, 0.3561896402624589, 0.3562697941743875, 0.35638013632991644, 0.3564967264102984, 0.3566466271877289, 0.3568058949482592, 0.35694434258002267, 0.35706613788121866, 0.3572118746328957, 0.35736593717261206, 0.3575095922886571, 0.3576542870907844, 0.3577708752849434, 0.35789787542970875, 0.3580404882189594, 0.35818830547453484, 0.358342371786697, 0.35846520337877397, 0.3585932450958445, 0.35869734423070015, 0.3588305855099159, 0.3589836068545716, 0.35911060888555985, 0.3592792455154129, 0.35939063037498087, 0.359538446121578, 0.35965815903265264, 0.3598059766654727, 0.3599517130399052], "test_loss": 0.8050146400928497, "test_accuracy": 0.3751138783991337}