{"run_id": "paren_bal_12_2023-06-30_09-40-33", "combo_index": 12, "parameters": {"batch_size": 128, "dataset_file": "clean_data.csv", "dataset_max_len": 10000, "intervene_hook": "blocks.0.hook_resid_mid", "intervene_node": "v", "model_name": "gelu-1l", "num_epochs": 30, "seed": 2384, "subspace_size": 64, "test_ii_dataset_size": 1000, "test_proportion": 0.1, "train_ii_dataset_size": 10000, "train_lr": 1}, "train_losses": [0.7628466894355002, 0.7628409130663811, 0.7628351555594916, 0.7628294055974936, 0.7628236594079416, 0.7628179215177705, 0.7628121934359586, 0.7628064728990386, 0.7628007312364216, 0.7627950235258175, 0.7627892871446247, 0.7627835869789124, 0.7627778294720228, 0.7627721511864964, 0.762766389907161, 0.7627606980408295, 0.762754889228676, 0.7627491483205482, 0.7627434338195415, 0.7627376800850977, 0.7627320251887357, 0.7627262918254997, 0.7627205222467833, 0.7627147903925255, 0.7627090351491035, 0.7627033334744128, 0.7626975767220123, 0.7626919044723993, 0.762686139420618, 0.7626803985124901], "train_accuracies": [0.45494880253755593, 0.45495192574549326, 0.45495608977124663, 0.45495608901675744, 0.4549540077583699, 0.4549633766276927, 0.45497066197516045, 0.4549623346781429, 0.45496857996228374, 0.45497170392471026, 0.45497274511977087, 0.45496754103069065, 0.4549706631068942, 0.4549685826029959, 0.4549748278871367, 0.4549831544296651, 0.45498523719703093, 0.4549914828584164, 0.4549946064435983, 0.45499772927429105, 0.4550164658812028, 0.4550185494030578, 0.4550185478940795, 0.45501750594452967, 0.45502167223375056, 0.45501126254661173, 0.45501854978030243, 0.455018550157547, 0.4550247946871987, 0.45502479506444327], "test_loss": 0.7493629083037376, "test_accuracy": 0.4749462455511093}