{"run_id": "paren_bal_0_2023-06-30_13-53-37", "combo_index": 0, "parameters": {"batch_size": 128, "dataset_file": "clean_data.csv", "dataset_max_len": 10000, "intervene_hook": "blocks.0.hook_resid_mid", "intervene_node": "s", "model_name": "gelu-1l", "num_epochs": 30, "seed": 2384, "subspace_size": 256, "test_ii_dataset_size": 1000, "test_proportion": 0.1, "train_ii_dataset_size": 10000, "train_lr": 10000}, "train_losses": [0.8274635136881962, 0.8274530300611183, 0.8274425034281574, 0.8274319594419455, 0.8274214237551146, 0.8274109884153439, 0.8274004466925995, 0.8273898981794526, 0.8273792847802367, 0.8273687837999079, 0.8273582420771635, 0.8273476988454408, 0.8273370945000951, 0.8273264961906627, 0.8273158639292174, 0.8273052309132829, 0.827294643166699, 0.8272840086417862, 0.8272734299490724, 0.8272627162027962, 0.8272520937497103, 0.8272414554523516, 0.827230769622175, 0.8272200853009767, 0.8272094311593454, 0.8271987875805625, 0.8271881424928014, 0.8271774212016335, 0.8271667331079894, 0.8271559937090813], "train_accuracies": [0.34125063955029356, 0.34126208930075924, 0.34126833722561223, 0.3412808300573615, 0.341283952133565, 0.34128187087517753, 0.3412922809395609, 0.34130269024945514, 0.3413110175464727, 0.3413224688059167, 0.34133599981476986, 0.3413568173028246, 0.3413703505751453, 0.3413713917702059, 0.34139117070391206, 0.3414109500148628, 0.3414161544811877, 0.34145154719111287, 0.34146195838723004, 0.34148069310791884, 0.3414952675753002, 0.34149839153772665, 0.34151712814463847, 0.34153794714167146, 0.3415400291545482, 0.34154627670215654, 0.3415546047536633, 0.3415546036219295, 0.3415608515467825, 0.3415722997882698], "test_loss": 0.8188302293419838, "test_accuracy": 0.35779590904712677}