{"run_id": "paren_bal_2_2023-06-29_21-59-43", "combo_index": 2, "parameters": {"batch_size": 128, "dataset_file": "clean_data.csv", "dataset_max_len": 10000, "intervene_hook": "blocks.0.hook_resid_pre", "intervene_node": "v", "model_name": "gelu-1l", "num_epochs": 30, "seed": 2384, "subspace_size": 64, "test_ii_dataset_size": 1000, "test_proportion": 0.1, "train_ii_dataset_size": 10000, "train_lr": 10000}, "train_losses": [0.7601444494875171, 0.760023936440673, 0.7599028816706017, 0.7597817461701888, 0.7596599195576921, 0.7595378447182571, 0.7594151828862443, 0.7592923392223406, 0.7591689251646211, 0.7590450161620031, 0.7589207563219191, 0.7587959690939022, 0.758670730681359, 0.7585450244855277, 0.7584188572968109, 0.7582921242412133, 0.7581649007676523, 0.7580371861216388, 0.7579089191895497, 0.757780152031138, 0.7576507299761229, 0.7575208778622784, 0.7573904953425443, 0.7572594247286832, 0.7571278493615645, 0.7569953927510902, 0.7568626343449459, 0.7567292972456051, 0.7565951158728781, 0.7564604561540145], "train_accuracies": [0.4574637929849987, 0.45753562110888807, 0.4576220214366913, 0.45765637332880044, 0.45771987340118314, 0.45776775705663464, 0.4578312586379957, 0.45792494355877744, 0.4579655422440058, 0.45803320634214184, 0.4581164811985402, 0.4581841468056546, 0.4582559753067886, 0.45835902985138227, 0.4583985884732838, 0.45846208665944355, 0.4585287084307852, 0.4585942905160445, 0.45865362618542926, 0.4587441901617412, 0.45884308218955994, 0.45892740125897563, 0.458998188565049, 0.45907209606110294, 0.4591491286513172, 0.4591928490355045, 0.45927716848216477, 0.4593344221386728, 0.45944892831995515, 0.4595551083359537], "test_loss": 0.7440885379910469, "test_accuracy": 0.47742046415805817}