{"run_id": "paren_bal_0_2023-06-30_16-47-11", "combo_index": 0, "parameters": {"batch_size": 128, "dataset_file": "clean_data.csv", "dataset_max_len": 10000, "intervene_hook": "blocks.0.hook_resid_post", "intervene_node": "v", "model_name": "gelu-1l", "num_epochs": 30, "seed": 2384, "subspace_size": 64, "test_ii_dataset_size": 1000, "test_proportion": 0.1, "train_ii_dataset_size": 10000, "train_lr": 10000}, "train_losses": [0.7628559198560594, 0.7628536262089693, 0.7628512329693082, 0.7628488397296471, 0.7628464661067045, 0.7628440955017186, 0.7628417143338844, 0.7628393693815304, 0.7628369210641596, 0.762834629680537, 0.7628322869916505, 0.7628299707098852, 0.7628276755538168, 0.7628253207931036, 0.7628229924395115, 0.7628206346608415, 0.7628183032892928, 0.7628159085406533, 0.7628135733966586, 0.762811247306534, 0.7628088744380807, 0.7628065076055406, 0.7628042426290391, 0.7628018742875208, 0.7627996357181405, 0.762797310382505, 0.7627949586397484, 0.7627926008610786, 0.7627901864957206, 0.7627878717229336], "train_accuracies": [0.4547749603096443, 0.45477600037297117, 0.45476559030858776, 0.4547676734531982, 0.45476559106307696, 0.45476350942744487, 0.4547655921948107, 0.45476455099975005, 0.45476975584331947, 0.4547812071027635, 0.45478328987012934, 0.4547936991800236, 0.45478537112851686, 0.4547895328908027, 0.45479265609874003, 0.4547895336452919, 0.45478953439978104, 0.45479890251461463, 0.4548041081126732, 0.4548113953463639, 0.45480514855324466, 0.4548009852819805, 0.45481035452854784, 0.4548134766047514, 0.4548145185543012, 0.4548207623294637, 0.4548290903809704, 0.45482805031764356, 0.4548207623294637, 0.4548176387442818], "test_loss": 0.7492998689413071, "test_accuracy": 0.4744053818285465}