{"run_id": "paren_bal_6_2023-06-30_01-57-33", "combo_index": 6, "parameters": {"batch_size": 128, "dataset_file": "clean_data.csv", "dataset_max_len": 10000, "intervene_hook": "blocks.0.hook_resid_pre", "intervene_node": "s", "model_name": "gelu-1l", "num_epochs": 30, "seed": 2384, "subspace_size": 64, "test_ii_dataset_size": 1000, "test_proportion": 0.1, "train_ii_dataset_size": 10000, "train_lr": 1}, "train_losses": [0.8125653485708599, 0.812058220181284, 0.811546534677095, 0.8110310518288915, 0.8105109462255164, 0.8099867754344698, 0.8094579969780354, 0.8089244244973871, 0.8083862594411343, 0.8078431849238239, 0.807295166993443, 0.8067422282846668, 0.8061836241166803, 0.8056196208241619, 0.805050024503394, 0.8044744948797589, 0.8038932930065107, 0.803305554993545, 0.8027118210551105, 0.8021114732645735, 0.8015044769154319, 0.800890677337405, 0.8002698994890044, 0.7996419026881834, 0.7990063383609434, 0.7983634132373182, 0.7977128134498114, 0.7970540742330914, 0.7963869873481461, 0.7957115897649452], "train_accuracies": [0.35855889320373535, 0.35898360798630535, 0.359433309186863, 0.3598684362972839, 0.36030668661564214, 0.36073140290719047, 0.36118214492556416, 0.36162143568449384, 0.3621086104761196, 0.36254477764986737, 0.3630621387988706, 0.36360344667977923, 0.36407500618620764, 0.3644997243639789, 0.36501396494575694, 0.3655188366582122, 0.36603620082517213, 0.3665733424168599, 0.367134426213518, 0.3676663637161255, 0.36819413643849047, 0.3687364836282368, 0.3693163036545621, 0.3698971675166601, 0.3704374338252635, 0.3711223922952821, 0.37177924604355533, 0.3723882150046433, 0.37308358467077907, 0.3738153882419007], "test_loss": 0.789939634501934, "test_accuracy": 0.38508667796850204}