{"run_id": "paren_bal_0_2023-06-30_13-51-42", "combo_index": 0, "parameters": {"batch_size": 128, "dataset_file": "clean_data.csv", "dataset_max_len": 10000, "intervene_hook": "blocks.0.hook_resid_mid", "intervene_node": "v", "model_name": "gelu-1l", "num_epochs": 30, "seed": 2384, "subspace_size": 256, "test_ii_dataset_size": 1000, "test_proportion": 0.1, "train_ii_dataset_size": 10000, "train_lr": 10000}, "train_losses": [0.76223240849338, 0.7622295120094396, 0.7622266343877285, 0.7622237303588963, 0.7622208851802198, 0.7622180037860629, 0.762215131445776, 0.7622122779677186, 0.762209372429908, 0.7622065053710455, 0.762203621713421, 0.7622007237205023, 0.7621978498712371, 0.7621949556507642, 0.7621920984002608, 0.7621892162516147, 0.7621863869172109, 0.7621835424930234, 0.7621806377097021, 0.7621777661239044, 0.7621748726579207, 0.7621719678745994, 0.762169123450412, 0.7621662224395366, 0.7621633908416652, 0.7621605086930191, 0.762157648424559, 0.7621548047548607, 0.7621518856362451, 0.762149029140231], "train_accuracies": [0.45601059439816055, 0.45601475842391387, 0.4560168404367906, 0.45600955433483364, 0.45601788351807415, 0.45601684156852434, 0.45601788351807415, 0.4560137194923208, 0.4560168430775027, 0.4560147606873814, 0.4560210067260114, 0.4560230876071544, 0.4560199640219725, 0.45602100559427766, 0.4560262108150917, 0.45602829320521293, 0.4560230891161327, 0.45602308798439894, 0.4560230876071544, 0.4560241276704812, 0.4560262100606025, 0.45603037370911126, 0.45602829207347917, 0.456033496539804, 0.4560334961625594, 0.456033496539804, 0.4560376598110682, 0.45603974182394486, 0.4560459874853303, 0.456049112202246], "test_loss": 0.7510456666350365, "test_accuracy": 0.4733078330755234}