{"run_id": "paren_bal_0_2023-06-30_13-55-55", "combo_index": 0, "parameters": {"batch_size": 128, "dataset_file": "clean_data.csv", "dataset_max_len": 10000, "intervene_hook": "blocks.0.hook_resid_post", "intervene_node": "v", "model_name": "gelu-1l", "num_epochs": 30, "seed": 2384, "subspace_size": 64, "test_ii_dataset_size": 1000, "test_proportion": 0.1, "train_ii_dataset_size": 10000, "train_lr": 10000}, "train_losses": [0.7628559221195269, 0.7628536367718177, 0.762851253340516, 0.7628488276578202, 0.7628464253642891, 0.7628440826754027, 0.7628417082979709, 0.7628393475013443, 0.7628369452078131, 0.7628346243991128, 0.7628322364408758, 0.762829982781712, 0.7628277012064487, 0.7628252974039391, 0.7628229894215548, 0.7628206157986122, 0.7628182912174659, 0.7628159560734713, 0.7628135507619833, 0.7628112397616422, 0.7628088616117646, 0.7628065015696273, 0.7628042101860046, 0.7628019210658495, 0.7627996093110193, 0.7627973058555699, 0.76279493902303, 0.7627926121784162, 0.7627902438368979, 0.7627878626690635], "train_accuracies": [0.4547749603096443, 0.45477600037297117, 0.45476559030858776, 0.45476663225813757, 0.45476559106307696, 0.45476350942744487, 0.4547655921948107, 0.45476455099975005, 0.45476975584331947, 0.4547812071027635, 0.45478328987012934, 0.45479473999783965, 0.45478537112851686, 0.4547895328908027, 0.45479265609874003, 0.4547895336452919, 0.45478953439978104, 0.45479890251461463, 0.4548041081126732, 0.4548113953463639, 0.45480514855324466, 0.4548009852819805, 0.45481035452854784, 0.4548134766047514, 0.4548145185543012, 0.4548207623294637, 0.4548290903809704, 0.45482805031764356, 0.45482180314727977, 0.4548176387442818], "test_loss": 0.7492996454238892, "test_accuracy": 0.4744053818285465}