{"run_id": "paren_bal_5_2023-06-30_02-00-23", "combo_index": 5, "parameters": {"batch_size": 128, "dataset_file": "clean_data.csv", "dataset_max_len": 10000, "intervene_hook": "blocks.0.hook_resid_pre", "intervene_node": "v", "model_name": "gelu-1l", "num_epochs": 30, "seed": 2384, "subspace_size": 256, "test_ii_dataset_size": 1000, "test_proportion": 0.1, "train_ii_dataset_size": 10000, "train_lr": 10000}, "train_losses": [0.7614769777165183, 0.7614437945281403, 0.7614105449447149, 0.7613773994807955, 0.7613441068914872, 0.7613109116312824, 0.7612774651261824, 0.7612440571000304, 0.76121048308626, 0.7611768245697021, 0.7611431396460231, 0.761109523380859, 0.7610756181463411, 0.7610417174387581, 0.761007750336128, 0.7609736534613597, 0.7609396177002147, 0.7609053563468063, 0.7608711327178569, 0.7608366917960251, 0.7608024643946297, 0.7607679517963265, 0.7607334656051442, 0.76069868893563, 0.7606638911404188, 0.760629233680194, 0.7605943777893163, 0.7605594524854347, 0.760524462295484, 0.7604894208002694], "train_accuracies": [0.45717023860050154, 0.45718793703030935, 0.45720771445503716, 0.4572347783589665, 0.4572462299956551, 0.4572701699371579, 0.45730348327491854, 0.45734095875220965, 0.4573815551739705, 0.45740862322759024, 0.45743048266519476, 0.45745858965040764, 0.4574971044365364, 0.45752312714540505, 0.4575512348851071, 0.45758350400985043, 0.4576209794871415, 0.4576303464702413, 0.4576417996159083, 0.45766782270202155, 0.45768760276746145, 0.4577292403842829, 0.45773340554177006, 0.457777126303202, 0.4578239717815496, 0.45784895404984677, 0.45787393556365485, 0.45791557544394385, 0.4579332727420179, 0.45795409249354013], "test_loss": 0.7463390752673149, "test_accuracy": 0.47722041234374046}