{"run_id": "paren_bal_1_2023-06-30_17-29-39", "combo_index": 1, "parameters": {"batch_size": 128, "dataset_file": "clean_data.csv", "dataset_max_len": 10000, "intervene_hook": "blocks.0.hook_resid_post", "intervene_node": "v", "model_name": "gelu-1l", "num_epochs": 30, "seed": 2384, "subspace_size": 256, "test_ii_dataset_size": 1000, "test_proportion": 0.1, "train_ii_dataset_size": 10000, "train_lr": 10000}, "train_losses": [0.7621896734720544, 0.7621882414516015, 0.7621870674664462, 0.7621857523918152, 0.762184522574461, 0.762183285212215, 0.7621819927722593, 0.7621807184400438, 0.7621794742873952, 0.7621782655957379, 0.7621769165690941, 0.7621756497817703, 0.7621744124195243, 0.7621730890455125, 0.7621718630006041, 0.7621706671352628, 0.7621694056293632, 0.7621681267702127, 0.7621668494200404, 0.7621655939500543, 0.7621643347076222, 0.762163147896151, 0.7621618697914896, 0.7621606610998323, 0.7621593580970282, 0.7621581773214703, 0.7621568547019476, 0.7621556286570392, 0.7621543497978887, 0.7621530520765087], "train_accuracies": [0.45544638814805427, 0.45544847129266475, 0.455445348461972, 0.4554474304748487, 0.4554453480847274, 0.45544847129266475, 0.45544118556795243, 0.4554432675808291, 0.45544638965703266, 0.4554474304748487, 0.4554484720471539, 0.4554411851907078, 0.4554411836817295, 0.4554401413549351, 0.4554307717311231, 0.4554318129261838, 0.4554307717311231, 0.4554307724856123, 0.45543181254893916, 0.4554318121716946, 0.45543909978262986, 0.4554391016688528, 0.4554380608510368, 0.4554370200332207, 0.45543806047379215, 0.45544014248666886, 0.45544638814805427, 0.4554443061351776, 0.45545159336886826, 0.45545263418668436], "test_loss": 0.7506974637508392, "test_accuracy": 0.4739135392010212}